Fixture,p(H),p(A),p(D),APPLE Prediction
Everton v West Brom,0.45869637,0.23157626,0.30972743,H
Leeds v Fulham,0.82090634,0.05856711,0.120526515,H
Arsenal v West Ham,0.72723097,0.09663145,0.17613749,H
Southampton v Tottenham,0.21066579,0.46721655,0.32211757,A
Newcastle v Brighton,0.4370754,0.23979525,0.32312927,H
Chelsea v Liverpool,0.15734094,0.52752614,0.31513295,A
Leicester v Burnley,0.38775736,0.36347365,0.248769,H
Wolves v Man City,0.22596212,0.6387721,0.1352658,A
