Fixture,p(H),p(A),p(D),APPLE Prediction
Aston Villa v Sheffield United,0.18038987,0.4768014,0.34280878,A
Man City v Arsenal,0.7320438,0.097546436,0.17040974,H
Norwich v Southampton,0.23652732,0.5921855,0.17128713,A
Tottenham v Man United,0.4905885,0.3959189,0.11349255,H
