Fixture,p(H),p(A),p(D),APPLE Prediction
Fulham v Arsenal,0.26802135,0.39867908,0.3332996,A
Crystal Palace v Southampton,0.3091112,0.38342223,0.3074666,A
West Ham v Newcastle,0.41559178,0.30002913,0.28437907,H
Liverpool v Leeds,0.91256416,0.020673338,0.066762455,H
West Brom v Leicester,0.47622558,0.27910966,0.24466482,H
Tottenham v Everton,0.74324536,0.14515384,0.111600794,H
Brighton v Chelsea,0.19680646,0.62192565,0.18126784,A
Sheffiled Utd v Wolves,0.23723485,0.49084467,0.27192047,A
