Fixture,p(H),p(A),p(D),APPLE Prediction
Crystal Palace v Southampton,0.3731532,0.43083024,0.19601648,A
Fulham v Arsenal,0.23746276,0.2378322,0.524705,D
Liverpool v Leeds,0.2189372,0.49855536,0.28250745,A
Tottenham v Everton,0.24940154,0.35815945,0.39243904,D
West Brom v Leicester,0.16801324,0.47131914,0.36066753,A
West Ham v Newcastle,0.35126078,0.60526764,0.043471552,A