Fixture,p(H),p(A),p(D),APPLE Prediction
Watford v Leicester,0.19058242,0.63245136,0.17696628,A
Brighton v Arsenal,0.23903011,0.2723722,0.48859772,D
West Ham v Wolves,0.31601778,0.40300134,0.28098089,A
Bournemouth v Crystal Palace,0.34237257,0.42389712,0.2337303,A
Newcastle v Sheffield United,0.16358988,0.45629746,0.3801127,A
Aston Villa v Chelsea,0.20447706,0.5394575,0.2560654,A
Everton v Liverpool,0.049258944,0.75736785,0.19337322,A
