Fixture,p(H),p(A),p(D),APPLE Prediction
Watford v Leicester,0.3731532,0.43083024,0.19601648,A
Brighton v Arsenal,0.23746276,0.2378322,0.524705,D
West Ham v Wolves,0.2189372,0.49855536,0.28250745,A
Bournemouth v Crystal Palace,0.24940154,0.35815945,0.39243904,D
Newcastle v Sheffield United,0.16801324,0.47131914,0.36066753,A
Aston Villa v Chelsea,0.35126078,0.60526764,0.043471552,A
Everton v Liverpool,0.12861651,0.7225334,0.14885002,A
