Fixture,p(H),p(A),p(D),APPLE Prediction
Watford v Leicester,0.23345442,0.57055044,0.19599521,A
Brighton v Arsenal,0.22531812,0.3783222,0.39635965,D
West Ham v Wolves,0.28314596,0.4474954,0.26935866,A
Bournemouth v Crystal Palace,0.26131848,0.4526091,0.2860724,A
Newcastle v Sheffield United,0.10498029,0.36767432,0.5273454,D
Aston Villa v Chelsea,0.2268996,0.56793046,0.20516992,A
Everton v Liverpool,0.16053337,0.62069494,0.21877162,A
